GROUP,SEX,AGE,plaque_index,gingival_index,pocket_depth,bleeding_on_probing,number_of_missing_teeth,mean_mir146a,mean_mir146b,mean_mir155,mean_mir203,mean_mir223,mean_mir381p,mean_GAPDH
S,1,21,0.17,0.13,1.8,3.47,4,0.015501729539445175,0.041373603640877096,-0.006690753113885322,0.012738853507958791,-0.05510377497937909,-0.06227779843241012,35.81
S,0,20,0.42,0.41,1.67,8.93,0,0.008858130928126012,-0.03971865949524234,0.030242205552084872,0.033720494579887975,0.06432819493437644,-0.00343263479094111,36.89
S,0,23,0.16,0.28,1.81,4.76,0,0.08359861530546865,0.0049648324369054395,-0.05968151989549517,0.04271262646785838,0.11676174270139097,0.10543091794577723,36.71
S,0,22,0.61,0.36,1.73,3.57,0,0.07031141808283033,0.0695076541166738,0.04790579447928815,0.06369426753978863,0.01480762204330763,0.03923010884912499,36.58
S,1,22,0.27,0.49,2.01,0.6,0,0.07529411704131882,0.04302854778651185,0.06556938340649143,0.030723117283898548,0.11967471757733668,0.061297045214675744,36.36
S,1,23,0.98,0.79,2.21,4.76,0,0.02048442849793484,-0.019859329747620582,0.07520406827587546,0.05020606970783408,0.06578468237234879,0.08924849794437328,37.05
S,1,24,0.63,0.79,1.98,8.93,0,-0.026020761781300476,0.04302854778651185,0.052723136913980166,0.0037467216199883807,0.10074038088369214,0.03628785066705107,36.74
S,0,20,0.57,0.72,2.0,5.95,0,0.02878892676208468,0.03640877120397165,0.028636424740521246,0.07718246537174425,0.12113120501530902,0.12014220885614475,36.42
S,0,21,0.18,0.1,2.04,2.98,0,0.04871972259604217,0.046338436077782534,-0.02596012285265337,-0.08467590861171781,0.013351134605334256,-0.028441829338564734,35.65
S,1,30,0.46,0.38,2.11,1.19,2,0.2280968851016631,0.27472072817542453,0.17476247859283953,0.026227051339913342,0.07015414468626684,0.0657104324877861,36.93
S,1,22,0.44,0.93,2.15,8.93,0,0.03709342502623334,0.019859329747620582,0.04790579447928815,0.017234919451942932,0.10219686832166448,0.08336398158022648,36.51
S,0,32,0.36,0.6,2.12,7.74,0,0.022145328150764337,0.07778237484484875,0.062357821783364194,-0.04421131511585203,-0.0915159609286948,-0.006374892973013985,35.58
S,0,24,0.43,0.42,1.97,5.95,0,0.20484428996204543,0.23334712453454742,0.25665729998260145,0.08767328590770937,0.04830683311667762,0.09366188521748364,36.71
S,1,27,1.05,0.74,2.61,7.05,2,0.16996539725261894,0.23500206868018217,0.13943530073843297,0.057699512947808715,0.059958732620458394,0.0701238197608954,36.78
S,1,20,0.45,0.67,1.98,10.0,0,0.07363321738848932,0.033098882912702146,0.004549712567062327,0.0022480329719936675,-0.10316786043247557,-0.08728699298003374,35.97
S,0,25,0.28,0.17,2.24,6.55,0,0.03709342502623334,0.0016549441456347545,-0.04201793096829189,-0.10715623833164277,-0.050734312665461044,-0.06227779843241012,35.58
S,1,23,0.28,0.54,1.83,1.19,0,0.02546712745642451,0.0016549441456347545,0.0591462601602358,0.12663919075557936,0.026459521547088406,0.02451881793875748,36.68
S,0,24,0.15,0.7,2.18,9.52,0,-0.02103806282281081,0.003309888291270685,-0.030777465287344243,0.06519295618778334,0.06724116981032216,0.08630623976230041,36.82
S,1,23,0.61,0.63,1.72,8.33,0,0.05204152190170234,0.03971865949524234,0.04630001366772453,-0.0022480329719915377,0.09200145625585604,0.03628785066705107,36.96
S,0,27,0.32,0.85,1.63,4.17,0,0.05702422086019082,0.06288787753413361,0.06396360259492781,-0.02173098539592707,-0.041995388037624946,0.0598259161236393,36.82
S,0,21,0.42,0.4,2.01,8.33,0,0.04871972259604217,0.04302854778651185,-0.030777465287344243,0.0442113151158531,0.059958732620458394,0.006865268846316045,36.55
S,1,24,0.49,0.51,1.78,7.14,0,0.16996539725261894,0.20686801820438547,0.1731566977812759,0.06519295618778334,0.06724116981032216,0.02010543066564712,36.73
S,0,24,0.35,0.47,1.77,2.38,0,-0.004429066294512312,0.08109226313611943,0.007761274190189574,0.06069689024379814,0.03228547129897879,0.13338237067547581,36.61
S,1,23,0.6,0.8,2.23,9.72,2,0.20484428996204543,0.1489449731071573,0.1908202867084792,0.07118771077976327,0.08617550650396566,0.0598259161236393,36.69
S,0,26,0.54,0.55,1.95,8.93,0,0.08359861530546865,0.0695076541166738,0.025424863117392858,0.03821656052387318,0.08617550650396566,0.0598259161236393,37.06
S,1,29,0.05,0.11,1.76,4.17,0,0.045397923290381996,0.03640877120397165,0.0173959590595736,-0.0367178718758774,-0.030343488533844172,-0.015201667519234702,35.85
S,1,28,0.1,0.12,1.76,0.6,0,0.06698961877717016,0.08440215142738894,0.043088452044597284,0.08017984266773368,0.05704575774451372,0.11131543430992404,36.5
S,0,24,0.49,0.55,2.05,8.33,0,0.18989619308657762,0.18700868845676488,0.18760872508535195,0.035219183227883755,0.036654933612896845,0.06865269066985898,36.74
S,1,34,0.26,0.71,2.07,9.52,0,-0.022698962475640305,0.028134050475796705,0.07038672584118345,0.04571000376384888,0.11530525526341863,0.06865269066985898,36.68
S,0,29,0.33,0.2,2.0,4.17,4,0.03709342502623334,0.08274720728175419,-0.03238324609890901,-0.05020606970783195,0.04248088336478723,-0.06374892752344656,35.77
S,1,32,0.68,0.44,1.94,8.86,0,0.02878892676208468,-0.0016549441456347545,0.01900173987113722,-0.02023229674793236,-0.046364850351542995,-0.0004903766088671889,35.71
S,0,21,0.46,0.59,1.97,7.74,0,-0.01273356455866097,0.1042614811750107,0.09126187639151513,0.06669164483577912,0.03956790848884152,0.09366188521748364,37.01
S,0,24,0.15,0.13,1.85,0.0,0,0.050380622248871666,0.11253620190318564,0.08002141071056748,-0.10565754968364806,-0.08132054886288635,-0.04462424933996868,35.81
S,0,22,0.42,0.66,2.33,4.76,0,0.21647058753185427,0.13074058750517148,0.10250234207246277,0.12214312481159417,0.05267629543059567,0.11425769249199795,36.94
S,1,20,0.77,0.33,1.82,7.14,0,-0.0011072669888521403,0.06288787753413361,0.10571390369559001,0.017234919451942932,-0.004126714650336908,0.014220914301500324,36.89
S,0,21,0.93,0.75,2.1,1.79,0,0.08359861530546865,0.05626810095159341,0.07199250665274821,0.057699512947808715,0.07889306931410293,0.05247027066845503,36.63
G,1,23,0.81,1.15,2.18,29.76,0,0.03875432467906283,0.06454282167976835,-0.009902314737013711,0.024728362691918627,0.09491443113180176,0.014220914301500324,36.61
G,0,21,0.81,0.93,2.17,13.73,3,-0.009411765253001978,-0.029237347124533852,0.03987689042146889,0.10116148373966392,0.04442286612992185,0.1279882301846311,36.47
G,0,20,1.73,1.41,2.27,50.5,0,0.009965397916979334,-0.0027582407943730768,0.006690753113887604,-0.00024978194089519875,0.03179997597181651,0.04609537843100617,36.81333333
G,0,23,1.57,1.68,3.05,28.1,0,-1.0923183388980484,-1.0442697558957377,-0.9990632946604022,-1.0818034219115025,-1.0862968810639995,-1.0106656862777985,31.35666667
G,0,22,0.29,0.99,2.21,15.48,0,0.3410380614940912,0.3078196110881255,0.36210357381056063,0.2635194201062276,0.25707003207392565,0.2167463529912664,37.73
G,1,25,0.78,1.03,2.14,19.05,0,0.026020760120401863,0.023169218038891267,-0.04844105421454753,0.05969776397890612,0.13715256683300783,0.11769032654737394,36.77333333
G,0,24,1.98,1.78,2.07,58.33,0,0.20041522366753312,0.19142187339677272,0.16726883427028194,0.026227051339913342,0.08763199394193903,0.02451881793875748,36.95
G,0,22,2.12,2.76,2.63,62.5,2,0.09854671218093647,-0.033650530409598575,-0.0002676298676296859,0.0007493443239978892,0.06966864935910558,0.03334559248497715,36.58333333
G,0,21,0.93,0.88,2.32,16.17,0,0.0,-0.03696041870086926,0.08323297233369586,0.04321218885096107,0.00169923510155348,0.0004903766088671889,36.95333333
G,1,25,1.57,1.08,3.12,20.76,0,-0.9671972322718347,-0.8887050062060395,-0.8620366659422063,-0.9674035222807792,-0.979002305981187,-0.8728699275936483,32.43333333
G,0,21,0.93,0.78,2.32,16.17,0,0.018823528845105346,0.04302854778651185,0.04094741149777201,0.0841763462286162,0.04296637869194848,0.04511462521327179,36.74
G,1,27,1.18,1.5,1.93,41.07,0,-0.02325259513961766,0.04302854778651185,-0.0002676298676296859,0.04271262646785838,-0.024032043454792536,0.03873973297582189,36.81333333
G,0,21,1.28,1.4,2.09,39.58,4,0.023806227803595013,0.05626810095159341,0.01525491851274832,-0.0012489067070984498,0.05121980799262333,-0.025499571156491856,36.91666667
G,0,21,1.11,0.99,2.4,22.3,0,-1.01370242255107,-1.0475796441870078,-1.0311789108916816,-1.1027850629834328,-1.0392037877217135,-0.9871276208212109,31.54666667
G,0,21,0.73,0.7,1.98,12.5,0,-0.04927335692091813,0.048545027720314896,0.004549712567062327,0.06419382992289133,0.04587935356789419,0.09905602570832837,36.61666667
G,1,24,0.88,1.07,1.83,20.83,0,0.03155709340376749,0.08274720728175419,0.07520406827587546,0.03222180593189326,-0.00267022721236457,0.05247027066845503,36.87
G,1,24,1.21,1.29,2.32,17.8,0,-1.0768166093586033,-1.0817818237484476,-1.0140505816997387,-1.0892968651514772,-0.9896832148306443,-0.995954395367431,31.5
G,1,21,0.86,1.15,2.3,25.0,0,0.03543252537340384,-0.03199558626396382,0.0329185074399516,0.0122392911248561,0.04442286612992185,0.1039597888547408,36.47333333
G,0,21,0.56,1.42,2.21,35.71,0,0.0631141868075338,0.05792304509722816,0.0211427804179625,0.09616585541257709,0.091030464145046,0.06620080836108816,37.02333333
G,1,20,2.64,1.88,2.17,53.57,0,0.01273356289776236,0.03420217956144047,0.03559480772203854,0.05819907533091034,0.07549459911099597,0.0701238197608954,36.83
G,0,21,0.45,1.26,2.23,29.17,0,0.05480968854338515,0.0557164534546958,0.0002676298676308269,0.04521044138074619,0.050734312665461044,0.04070123794016143,36.97333333
G,1,23,1.7,1.32,1.98,32.1,0,-1.1377162621884305,-1.1457729962763747,-1.10397430714732,-1.1222680154073676,-1.1139701423854795,-1.136202034889223,31.12333333
G,1,22,1.01,1.11,1.92,23.1,0,-1.1714878895699035,-1.1043993926354976,-1.0584771846882683,-1.1412514054482006,-1.0396892830488753,-1.1881819289488114,31.06
G,0,21,0.93,1.67,2.1,26.19,0,0.09688581252810698,0.03530547455523333,0.04897631555559127,0.03971524917186896,0.017720596919252304,0.07453720703400576,36.49666667
G,0,24,0.63,0.85,2.37,13.99,2,0.0,0.03585712370707522,0.05754047934867218,0.06369426753978863,0.07355261488937379,0.025499571156491856,36.5
G,1,25,0.44,1.02,2.83,18.91,1,0.1993079583395796,0.25044821348779495,0.20099023131312374,0.05020606970783408,0.09248695158301833,0.04266274290450097,36.89
G,0,22,0.33,0.77,1.85,13.1,0,-0.011072664905831473,-0.008826368225072555,0.05058209636715489,0.034719620844781064,0.026945016874249654,0.07846021843381407,37.02333333
G,0,22,1.11,0.94,1.86,20.24,0,0.06477508646036331,-0.0027582407943730768,0.03827110960990527,0.11265143054052214,0.0036412178666881015,0.046585754304308225,36.63
G,1,22,1.33,0.74,1.83,14.29,0,0.030449826414914175,-0.008826368225072555,0.01900173987113722,0.00024978194089626365,0.05656026241735143,0.011278656119426404,36.63666667
G,1,26,1.39,0.77,2.35,15.48,1,0.1522491337354683,0.2355537161770786,0.19403184833160758,0.057699512947808715,0.0822915395172099,0.05786441115929976,36.74333333
G,1,23,1.29,0.91,2.24,17.86,0,0.08027681599980849,0.055164804302855086,0.01418439743644521,0.03921568678876627,0.05704575774451372,0.06472967927005172,36.48333333
G,0,22,0.96,1.39,2.5,23.51,0,0.08415224796944483,-0.012136256516342064,0.027565903664218135,-0.04221306408475463,-0.00169923510155348,0.0004903766088671889,36.83333333
G,1,22,0.83,1.42,1.71,14.29,0,-0.013287197222638325,0.08274720728175419,0.042017930968294176,0.02123142301282651,0.04296637869194848,0.019615054792344017,36.70333333
G,0,23,0.13,1.01,2.05,12.5,0,0.04484429062640582,0.06288787753413361,-0.03880636934516464,0.03921568678876627,0.11093579294950058,0.07159494885193289,36.86
G,1,21,0.69,1.34,2.07,12.32,1,0.06477508646036331,0.03420217956144047,0.024889603382132346,0.06119645262690083,0.09054496881788371,0.0436434961222343,36.77
G,0,22,1.51,1.23,2.0,14.48,2,0.03432525838455052,0.012687905668183955,0.0436237117798578,0.11065317801073596,0.0638426996072152,-0.01373053842819722,36.85666667
P,1,30,1.52,1.83,4.3,76.39,1,-1.113910034384836,-1.029926906081919,-1.0766760333507326,-1.0513300865685002,-1.0678480396975172,-0.9900698790032842,30.8
P,1,25,1.69,1.6,3.4,79.76,0,-0.9013148788226181,-0.9902082465866772,-0.9744413227516822,-0.9913825406486994,-1.0450297374736044,-1.0415593971895696,31.41333333
P,1,49,1.93,1.74,4.5,92.26,3,-1.068512111094454,-1.1512894778651215,-1.0103037603413498,-0.9913825406486994,-1.0960067978026462,-0.8900331008127866,31.54666667
P,0,25,1.87,1.58,4.5,77.98,0,-0.9472664364378767,-0.8539511791477032,-1.086845979561158,-1.0143624327517264,-0.8425779835954091,-0.8105921298968033,31.68
P,0,28,1.08,1.13,4.5,37.82,4,-0.8409688586567677,-0.9162874091849392,-0.9096748289480827,-0.946421881208849,-0.9110328931801225,-1.028319235370239,31.48666667
P,0,28,1.63,1.7,2.3,70.83,1,-0.9472664364378767,-0.9802785817128663,-1.032784691703245,-0.9379293117039812,-0.7920864185935287,-1.011156062151101,31.04666667
P,0,40,1.65,1.88,4.3,87.5,0,-0.8736332173884881,-1.0233071294993787,-0.9557072127481758,-0.837017609905213,-0.7823765018548821,-0.9827142335481005,31.49666667
P,0,35,1.24,1.34,2.87,46.0,1,-0.8636678194715088,-0.9013929118742235,-0.9530309108603091,-0.9039590366818868,-0.8920985564864784,-0.8919946057771256,31.16
P,1,27,0.76,1.49,2.9,49.36,1,-0.896332179864129,-0.9725555101365321,-1.0863107182201166,-0.9983764215055724,-0.862968807727026,-1.1406154221623332,31.07
P,1,26,1.77,1.49,3.8,46.88,2,-0.9356401388680678,-0.8633291965246165,-1.0440251573841928,-0.9529161981839316,-1.0654205616052208,-0.9836949852947057,31.47333333
P,0,27,1.42,1.11,3.05,28.03,0,-1.0618685124831349,-0.8109226313611908,-0.839555734580311,-0.9339328096417869,-1.0731884941222458,-0.9670221894199992,31.66666667
P,0,27,1.69,1.48,3.78,41.74,0,-1.053010379894109,-0.9240104807612735,-0.9787234038453322,-1.0882977403852734,-0.9731763562292961,-0.9248498216532367,31.44
P,1,49,1.61,1.74,4.5,73.81,2,-0.9743944635471307,-0.9775203425734375,-0.9016459248902629,-1.0363432000885497,-0.935307682842008,-0.9145519180159795,31.48
P,0,35,2.24,2.5,3.5,100.0,1,-0.9162629756980866,-0.907461039304923,-0.9995985543956633,-0.8045460220324251,-1.0765869643253527,-1.0538188057911662,31.47666667
P,0,30,1.54,1.68,4.5,67.88,3,-0.866989618777169,-1.0525444766239131,-0.9813997057331989,-0.8330211063443305,-0.7508192750031332,-0.7846021821314443,31.43333333
P,1,30,1.4,1.38,3.5,64.5,0,-0.8907958482416626,-0.8440215142738924,-0.8352736518808801,-0.8574996885940411,-0.9188008256971475,-0.9738874590018803,31.52666667
P,1,28,0.62,0.63,2.88,49.24,1,-1.0635294121359644,-0.994621431526685,-0.9787234038453322,-1.0063694271286496,-0.9993931301128038,-0.7208532553435628,30.75666667
P,0,26,1.53,1.88,4.39,54.76,1,-1.0895501722563656,-0.7916149491104666,-1.0921985817311113,-1.043836643328525,-0.845976453798516,-0.8767929389934561,30.99666667
P,1,27,2.26,1.67,4.5,45.0,1,-0.9721799312303244,-0.9471796988001647,-0.9316205005747169,-0.9264393664018118,-0.9440466074698437,-1.0292999871168442,31.16333333
P,0,35,1.78,2.03,4.5,62.42,1,-0.8481660899320637,-0.9080126884567636,-0.843837815673961,-1.1152741360491836,-0.9416191293775478,-1.0243962239704316,31.45333333
P,1,28,2.22,2.05,4.5,80.0,1,-1.0513494802412795,-0.9449731071576329,-1.0541951019888374,-0.9988759838886746,-0.9382206577179533,-1.046953536209285,31.02333333
P,0,32,2.46,2.28,3.98,88.99,0,-1.14103806149409,-1.0199972412081086,-1.0054864179066585,-1.076308231201313,-1.0751304768873804,-1.022434719006092,32.11333333
P,0,33,2.7,1.81,4.44,57.8,2,-0.957231834354856,-0.9339401456350843,-0.7892412680807869,-1.1427500940961959,-0.9615244567255153,-1.015569449424211,31.84
P,0,33,2.31,2.32,4.44,92.46,2,-0.937301038520898,-1.0244104261481164,-0.9294794600278916,-1.0393405773845399,-1.1144556377126413,-0.9111192839606035,31.29666667
P,0,27,2.15,2.42,4.5,91.67,0,-1.002629757645238,-1.0762653421597015,-0.9658771573528209,-1.0818034219115025,-1.0290083756559052,-0.8311879371713171,31.66666667
P,0,26,2.17,1.51,2.5,76.8,0,-0.969411764588641,-1.074610398014066,-0.93269102165102,-1.0588235298084747,-1.0202694510280697,-1.0258673530614681,31.37666667
P,0,32,2.01,1.62,3.01,46.98,3,-0.8747404843773409,-0.9537994753827049,-0.918238994346944,-0.8574996885940411,-1.0324068458590125,-0.9312247153618147,31.85333333
P,1,24,2.16,1.87,4.5,69.9,1,-1.0524567472301323,-1.0260653702937519,-1.0873812392964193,-0.9444236301777521,-0.75907270284732,-0.7453720725467552,30.47666667
P,1,27,2.67,2.05,4.6,78.35,2,-0.9395155708377042,-1.035995035167562,-0.9958517330372744,-0.9524166358008294,-0.8770481853231031,-1.015569449424211,31.38333333
P,0,33,2.28,1.99,4.8,68.72,0,-1.0336332183850276,-0.9433181630119976,-0.9433962259909257,-0.9579118280097072,-0.9964801552368582,-0.9915410080943207,31.02666667
P,1,27,1.6,1.89,3.77,56.78,1,-1.0203460211623891,-0.9935181348779473,-0.7105580083141534,-0.8694891977780015,-0.8051948055352823,-1.075885742156717,32.10333333
P,1,26,0.86,1.04,3.99,38.68,1,-0.8835986153054669,-0.7138325742656179,-0.9808644459979379,-0.9099537912738668,-0.8323825715296007,-1.0047811699136513,31.64333333
P,1,30,1.12,1.1,3.98,41.34,1,-0.9970934260227715,-0.8478830500620594,-0.961595076259171,-0.9539153244488241,-0.9255977675598489,-0.9817334803303661,31.64333333
P,1,27,1.98,1.68,4.5,75.68,0,-1.1764705885283926,-1.0812301745966062,-1.0900575411842859,-1.0688147879613379,-1.1547517906487132,-1.0082138039690278,30.81
P,1,30,1.46,1.45,3.5,50.42,2,-1.0513494802412795,-1.0845400628878763,-0.9514251300487454,-0.9674035222807792,-1.079499939201298,-0.839524334373106,31.90333333
P,1,28,1.24,1.24,3.6,49.76,1,-1.1797923878340526,-1.035995035167562,-0.9059280075896937,-1.0733108539053229,-1.0178419714792861,-0.8664950353561989,31.23666667
